snr_db,ber
0,0.16115
2,0.15
4,0.14085
6,0.136
8,0.12755
10,0.12775
